{
	"textures": [
		{
			"image": "demone.png",
			"format": "RGBA8888",
			"size": {
				"w": 17402,
				"h": 128
			},
			"scale": 1,
			"frames": [
				{
					"filename": "demone.png",
					"rotated": false,
					"trimmed": true,
					"sourceSize": {
						"w": 17568,
						"h": 160
					},
					"spriteSourceSize": {
						"x": 104,
						"y": 34,
						"w": 17400,
						"h": 126
					},
					"frame": {
						"x": 1,
						"y": 1,
						"w": 17400,
						"h": 126
					}
				}
			]
		}
	],
	"meta": {
		"app": "https://www.codeandweb.com/texturepacker",
		"version": "3.0",
		"smartupdate": "$TexturePacker:SmartUpdate:fbaa4d708ebad284256239b5bc8c6845:8cea59d0241731937ec6a92647c41b71:71c717c4cf923dc161f52d334f937cc2$"
	}
}
